Guide_ID,Sequence
0SAFE-SAFE-ACOC-204550.4522,GTGTATTTGGCTTCCAAAA
0SAFE-SAFE-ACOC-204550.4525,GCATGGCCTCCACTTGCAA
0SAFE-SAFE-ACOC-204550.4590,GCACCAGTCTATGCCACCAC
0SAFE-SAFE-DTKP-204550.5261,GTGAATTTAAGGCACAACCC
0SAFE-SAFE-DTKP-204550.5308,GCTGGACTATGCCAGGACCT
0SAFE-SAFE-GE-204550.1561,GCTTGACAACACCATCTG
0SAFE-SAFE-GE-204550.1743,GTTGAATCTCTAATAGTT
0SAFE-SAFE-GE-204550.1816,GCTCAAGTATCTCTAACA
0SAFE-SAFE-MP-204550.1197,GGGTATAGCTGATGCTTT
0SAFE-SAFE-MP-204550.1296,GGGTTGCTATGTCCTTA
0SAFE-SAFE-MP-204550.1323,GGTAGTCCTGCATCCTTC
0SAFE-SAFE-SP-204550.2305,GTTCTACAATTTAAGTAT
0SAFE-SAFE-SP-204550.2400,GAAAGTCACCTACTCATA
0SAFE-SAFE-SP-204550.2430,GGAACTTACACAGAAAGC
0SAFE-SAFE-TMM-204550.22,GATTGTACCCCGAGATTA
0SAFE-SAFE-TMM-204550.337,GAGAGTATACATTCAACC
0SAFE-SAFE-TMM-204550.349,GTAGTTGTAAAGGTACAA
0SAFE-SAFE-U1-204550.3846,GGTTTAAACCCTTTAAAAT
0SAFE-SAFE-U1-204550.4037,GATGAAAGTCGAATCCTAT
0SAFE-SAFE-U1-204550.4097,GCTTCAATATGACAGAACTC
0SAFE-SAFE-U2-204550.3016,GCACAAAAGTATTGGGGT
0SAFE-SAFE-U2-204550.3037,GTAGCTGACATTGCTAT
0SAFE-SAFE-U3-204550.6027,GAGTTAGAAAATAATTCTCT
0SAFE-SAFE-U3-204550.6046,GTTTGAATAGAAAATGAGAC
0SAFE-SAFE-U3-204550.6070,GATGCTGTGGCCAATGTGCA
AKT3-1,GTAAGGTAAATCCACATCTTG
AKT3-2,GAACCCAACCTTCTTTCACAA
AKT3-3,GAGAATGGACAGAAGCTATCC
AKT3-4,GATGTTACCATTGTGAAAGA
AR-1,GTTACACGTGGACGACCAGA
AR-3,GTGTCCAGCACACACTACACC
AURKA-1,GCCATATAGAAAATAATCCTG
AURKA-2,GCTTCGAATGACAGTAAGACA
AURKA-3,GGAGACAGGATGAGGTACAC
AURKA-4,GCTAGTTTACCAGGTGCCGA
BMP6-1,GTACCGGCGGCTCAAGACGC
BMP6-2,GATGCAGAAGGAGATCTTGT
BMP6-3,GCGTCTTGAGCCGCCGGTAC
BMP6-4,GCCTGTCCGCCGACAACGACG
CCNE2-1,GAGAAGAGAATGTCAAGACGA
CCNE2-2,GAGAAGTATGGACCTCATCTG
CCNE2-3,GCTGATCCCCCCAGATAATAC
CCNE2-4,GTGAAGTTCTGCATTCTGACT
CDC6-1,GTTTACCCAGACGTTTCCTG
CDC6-2,GTTTGTCAGGAAGAGGTATCC
CDC6-3,GATAGCGTGTACAATACATCC
CDC6-4,GTTGCAGAATCCGGCTTAAGC
CDK2-1,GAAGCAGAGAGATCTCTCGGA
CDK2-2,GGTGCAGAAATTCAAAAACC
CDK2-3,GTGTTCGTACTTACACCCATG
CDK2-4,GTCATGGGTGTAAGTACGAAC
CTNNB1-1,GAAGCTGAACAAGAGTCCCA
CTNNB1-2,GAAACAGCTCGTTGTACCGC
CTNNB1-3,GAAACAGCTCGTTGTACCGCT
CTNNB1-4,GAGAACGCATGATAGCGTGTC
DHFR-1,GCCCGGCAGATACCTGAGCGG
DHFR-2,GCAGATACCTGAGCGGTGGCC
DHFR-3,GACATGGTCTGGATAGTTGG
DHFR-4,GCTCCTTGTGGAGGTTCCCTA
ETF1-1,GTGGCTCCCAGGACTGAAAGG
ETF1-2,GAATGGTCTGGTTGTATACTG
ETF1-3,GTCAATCTGATATGTTTGATC
ETF1-4,GTGCAGTACCTCCAAATGGTC
EZH2-1,GACTGGGAAGAAATCTGAGAA
EZH2-2,GACACGCTTCCGCCAACAAAC
EZH2-3,GAATGAGGACTCTAAACATTG
EZH2-4,GAGCTCATTGCGCGGGACTA
GART-1,GTGGAGGAAGGGAACATACGC
GART-2,GAGTGTGGTCACTGATTGAGA
GART-3,GAAGGCCAGTGGTCTTGCAGC
GART-4,GTCTGGAGTAGATATCGCAGC
GRB2-1,GAAACCAGCAGATATTCCTG
GRB2-2,GAATTGAACTTCACCACCCAG
GRB2-3,GCAGCAGCCGACATACGTCC
GRB2-4,GCTTAGCAAACAGCGGCACGA
HDAC1-1,GCACCATGCAAAGAAGTCCG
HDAC1-2,GCCCTCACAAAGCCAATGCTG
HDAC1-3,GACACCATTCGTAACGTTGCC
HDAC1-4,GTTCGTAACGTTGCCCGGTGC
HPRT1-1,GTTATGGCGACCCGCAGCCC
HPRT1-2,GATGTGATGAAGGAGATGGG
HPRT1-3,GCTGTCCATAATTAGTCCATG
HPRT1-4,GCTCATGGACTAATTATGGAC
HSP90AA1-1,GGTGTCGTTCCAGATGCCTG
HSP90AA1-2,GATTCCCTGTCACCGCGTCAC
HSP90AA1-3,GTAAGAGCTTGACCAATGACT
HSP90AA1-4,GCGATGATGAGCAGTACGCTT
HSP90B1-1,GCAGAGGCCCAGCACCCACA
HSP90B1-2,GCGGATGATGAAGTAGTACAG
HSP90B1-3,GAAGCTTGTTCGTAAAACGC
HSP90B1-4,GCGTGGTCTGTTTGACGAATA
IGF1R-1,GATCAGGGACCAGTCCACAG
IGF1R-2,GTCAGTACGCCGTTTACGTCA
IGF1R-3,GGAGAACGACCATATCCGTG
IGF1R-4,GAAGTACTCCGGGTTCACAG
IGFBP5-1,GCAGGGCTCGCAGTGCACGA
IGFBP5-2,GTACCGCGAGCAAGTCAAGAT
IGFBP5-3,GCACCGATCTTGACTTGCTCG
IGFBP5-4,GGAGAGGGCTTTCTCGTCGC
INSR-1,GCTGAGCTAGAAGCCAACCT
INSR-2,GAACCTGATGAACATCACCCG
INSR-3,GCGACGACCCCACCAAGTGCG
INSR-4,GATCTGTCCGGGTACCGCGAA
IRS1-1,GACCGAAGCACTAGATCGCCG
IRS1-2,GAAAGGCGGTAGATACCAATC
IRS1-3,GCCGAAGCACTAGATCGCCGT
IRS1-4,GATGCACCCCTTGGAGCGTCG
JUN-1,GTCATGAACCACGTTAACAG
JUN-2,GTTCTTGGGGCACAGGAACT
JUN-3,GTCGGCGGCGCAGCCGGTCAA
JUN-4,GTGCGCCGCCGACGTGACGCT
LIMK1-1,GCGATAAAGGTCCCACACGTG
LIMK1-2,GAGGGAAGAACGTATGGGAG
LIMK1-3,GCTGCGTGCCAGTCCGCGTTC
LIMK1-4,GTGAGGCAGATGAAACACTCG
MAP2K1-1,GCAGCAGCGAAAGCGCCTTG
MAP2K1-2,GGGCACAAGGTCCTACATGT
MAP2K1-3,GTATGGTGCGTTCTACAGCGA
MAP3K1-1,GCAAGATGGATGATCGTCCAG
MAP3K1-2,GTGGGACCGGCTTCCAGCCTG
MAP3K1-3,GCCTGAGGCCCAATAAACACC
MAP3K1-4,GTGATTCTTTCCGCTAAACTG
MAPK1-1,GCCTACTGCCAGAGAACCCTG
MAPK1-2,GCCTACAGACCAAATATCAA
MAPK1-3,GGTGCAGAACGTTAGCTGAA
MAPK1-4,GCAACCTCTCGTACATCGGCG
MAPK13-1,GACAGCTCGGCCATCGACAAG
MAPK13-2,GACGTGCGTCGGGGACACGT
MAPK13-3,GCAGAAGCTGAACGACAAAG
MAPK13-4,GTCCAGGAGCCCAATGACCTG
MAPK3-1,GAGTAGGTCTGATGTTCGAAG
MAPK3-2,GCAGTTGCAGTACATCGGCG
MAPK3-3,GATCCTGAGCATGACCACAC
MAPK3-4,GTGGAGGGCTTTAGATCTCGG
MAPK8-1,GAGAATCAGACTCATGCCAAG
MAPK8-2,GTAGTAGCGAGTCACTACATA
MAPK8-3,GTCTTTGCCAAGTGATTCAGA
MAPK8-4,GTCGCTACTACAGAGCACCCG
MTOR-1,GTCAGGAAATGATCCGCACAG
MTOR-2,GGTGATGGCCTGGACAACCA
MTOR-3,GAACCAGGGTACACGCAGAG
MTOR-4,GAGCCGGAATGAGGAAACCA
MYC-1,GAGGGCGAGCAGAGCCCGGAG
MYC-2,GAAGGGTGTGACCGCAACGT
MYC-3,GTGCGTAGTTGTGCTGATGTG
MYC-4,GAGTGGACTTCGGTGCTTACC
NRAS-1,GTATTGATGGCAAATACACAG
NRAS-2,GACTGGGCCTCACCTCTATGG
NRAS-3,GACTGAGTACAAACTGGTGG
NRAS-4,GAATGGAATCCCGTAACTCT
NXF2-1,GTGCTCTACTCTAAAGAAGTG
NXF2-2,GTCACTTACTGTCTTAGTTGT
NXF2-3,GATCGTGTTCCGGGTACCCAT
NXF2-4,GCCTGGAATACTCGCCAAATC
NXF2B-1,GACGAAATCCGTATTACCACG
NXF2B-2,GCCACGCTTCCATCATTCTCC
NXF2B-3,GACCGAGGGCAAGATCCCCG
NXF2B-4,GAGGATGGATACACAAGGAAC
PARP1-1,GAGCTAGGCATGATTGACCGC
PARP1-2,GTTGATGGAAAAGTCCCACAC
PARP1-3,GTCCAACAGAAGTACGTGCA
PARP1-4,GAGTCGAGTACGCCAAGAGC
PIK3CA-1,GTTCGAACAGGTATCTACCA
PIK3CA-2,GTTATTAATGTAGCCTCACGG
PIK3CA-3,GAATAGGCAAGTCGAGGCAA
PIK3CA-4,GAAGATTTGCTGAACCCTAT
PLD1-1,GAACGCTTCACATCTACAACA
PLD1-2,GAGCGATCCCAAGATACAAGA
PLD1-3,GATGGTGAGCCCACAAATAGA
PLD1-4,GTGGTTGAGGGAAATCGTTGG
PLK1-1,GAGCCAAGCACAATTTGCCGT
PLK1-2,GCCTGCCTGACCATTCCACCA
PLK1-3,GACCGGCGAAAGAGATCCCGG
PLK1-4,GCCTAAAAGAGACCTACCTC
POLD1-1,GAGAAGTAGGGAGCGAAGCCG
POLD1-2,GCAGCGAGGAGAAGTCCAGGG
POLD1-3,GCAGCGCCACGGTGATGCGC
POLD1-4,GAGCTTCGATATCGAGTGCGC
PSMB2-1,GAGGCGACAAGAACATAGTCG
PSMB2-2,GTAACTTCACACGCCGAAACC
PSMB2-3,GATGATTCGAACACTGAAGGT
PSMB2-4,GTCGGTGTGTAGTATCGGTCG
PSMB5-1,GGTCCAGGGAGTCTCAGTGA
PSMB5-2,GTAGCGGTCTCTCCAACACGC
PSMB5-3,GTTTGTACTGATACACCATGT
PSMB5-4,GTCTACTACGTGGACAGTGAA
RHEB-1,GATCGTAGGAGTCCACAAAT
RHEB-2,GATTCTGTTACATCAATCAAA
RHEB-3,GAAATAGAATACCTATTATGT
RHEB-4,GATCGCGATCTTCCGGGACT
TGFBR2-1,GACCTACAGGAGTACCTGACG
TGFBR2-2,GCAGACCGATGTCTACTCCA
TGFBR2-3,GCCCCTACCATGACTTTATTC
TGFBR2-4,GATTGCACTCATCAGAGCTAC
TOP2A-1,GTGTACGCTTATCCTGACTGA
TOP2A-2,GTTCTGTGGAATTAGTGACCC
TOP2A-3,GGTTGGGAGAGACAAATATG
TOP2A-4,GTGAACAAGTAAACCACAGGT
TRIB2-1,GATGCACGGCACGAAAAACG
TRIB2-2,GCTTCGCTCAAAGAACACAT
TRIB2-3,GCGTGCCGTGCATCTGCACAG
TRIB2-4,GCAGAGTTTCAGCCCGAACCT
TRIM25-1,GGATGAGTTCGAGTTTCTGG
TRIM25-2,GTCCACCTCGGGGATGTAGAC
TRIM25-3,GAGGTTCACATACTGCTCTC
TRIM25-4,GTCGCGCCTGGTAGACGGCG
ULK1-1,GCCACCCAGTTCCAAACACCT
ULK1-2,GGCAGCGTCCGGTTTCGAGG
ULK1-3,GGAGAACTCGAACTTGCCCA
ULK1-4,GTACCTCCAGAGCAACATGA
UPF2-1,GGGCAAAGTCAGCATAACGC
UPF2-2,GGTATCAAGTCCCGATGATT
UPF2-3,GTGATGCGAGATACGTCACAA
UPF2-4,GCGCGAGGGTTAATCTTCTCTT
UPF3A-1,GAGGCCTAGAATATCCTGCAG
UPF3A-2,GCGGGCCTCACCTCAGGTCGG
UPF3A-3,GGGCGGGCCTCACCTCAGGT
UPF3A-4,GACCCAGTCTATCAAAAGACC
WNT5A-1,GAGGATGCGAGCACTCTCGT
WNT5A-2,GAGTATCAATTCCGACATCGA
WNT5A-3,GAGTTAACTTCCAACAGGGGG
WNT5A-4,GTAACTTCCAACAGGGGGTGG
